-- phpMyAdmin SQL Dump
-- version 5.2.1
-- https://www.phpmyadmin.net/
--
-- Hôte : 127.0.0.1
-- Généré le : dim. 19 jan. 2025 à 14:14
-- Version du serveur : 10.4.32-MariaDB
-- Version de PHP : 8.2.12

SET SQL_MODE = "NO_AUTO_VALUE_ON_ZERO";
START TRANSACTION;
SET time_zone = "+00:00";


/*!40101 SET @OLD_CHARACTER_SET_CLIENT=@@CHARACTER_SET_CLIENT */;
/*!40101 SET @OLD_CHARACTER_SET_RESULTS=@@CHARACTER_SET_RESULTS */;
/*!40101 SET @OLD_COLLATION_CONNECTION=@@COLLATION_CONNECTION */;
/*!40101 SET NAMES utf8mb4 */;

--
-- Base de données : `e-commerce-symfo`
--

-- --------------------------------------------------------

--
-- Structure de la table `address`
--

CREATE TABLE `address` (
  `id` int(11) NOT NULL,
  `user_id` int(11) NOT NULL,
  `name` varchar(255) NOT NULL,
  `firstname` varchar(255) NOT NULL,
  `lastname` varchar(255) NOT NULL,
  `company` varchar(255) DEFAULT NULL,
  `address` varchar(255) NOT NULL,
  `postal` varchar(255) NOT NULL,
  `city` varchar(255) NOT NULL,
  `country` varchar(255) NOT NULL,
  `phone` varchar(255) NOT NULL
) ENGINE=InnoDB DEFAULT CHARSET=utf8mb4 COLLATE=utf8mb4_unicode_ci;

--
-- Déchargement des données de la table `address`
--

INSERT INTO `address` (`id`, `user_id`, `name`, `firstname`, `lastname`, `company`, `address`, `postal`, `city`, `country`, `phone`) VALUES
(4, 18, 'maarif', 'hakim', 'andalouci', 'IPM CONSULTING', 'roudani', '23000', 'casablanca', 'MA', '0622910023'),
(7, 30, 'attacharouk', 'achraf', 'khaddrissi', 'STDM', 'rue attacharouk', '22000', 'casablanca', 'MA', '0604267209');

-- --------------------------------------------------------

--
-- Structure de la table `carrier`
--

CREATE TABLE `carrier` (
  `id` int(11) NOT NULL,
  `name` varchar(255) NOT NULL,
  `description` longtext NOT NULL,
  `price` double NOT NULL
) ENGINE=InnoDB DEFAULT CHARSET=utf8mb4 COLLATE=utf8mb4_unicode_ci;

--
-- Déchargement des données de la table `carrier`
--

INSERT INTO `carrier` (`id`, `name`, `description`, `price`) VALUES
(1, 'Chronopost', 'Livraison standard à domicile en 2 jours ouvrés.', 400),
(2, 'La Poste', 'Si vous préférez trouver dans votre boite à lettres un avis de passage à la place de votre commande.', 190);

-- --------------------------------------------------------

--
-- Structure de la table `category`
--

CREATE TABLE `category` (
  `id` int(11) NOT NULL,
  `name` varchar(255) NOT NULL
) ENGINE=InnoDB DEFAULT CHARSET=utf8mb4 COLLATE=utf8mb4_unicode_ci;

--
-- Déchargement des données de la table `category`
--

INSERT INTO `category` (`id`, `name`) VALUES
(2, 'Manteaux'),
(3, 'Echarpes'),
(4, 'Bonnets'),
(5, 'T-shirts'),
(6, 'Chaussures'),
(7, 'Lunettes'),
(8, 'Chapeaux'),
(9, 'Casquettes');

-- --------------------------------------------------------

--
-- Structure de la table `doctrine_migration_versions`
--

CREATE TABLE `doctrine_migration_versions` (
  `version` varchar(191) NOT NULL,
  `executed_at` datetime DEFAULT NULL,
  `execution_time` int(11) DEFAULT NULL
) ENGINE=InnoDB DEFAULT CHARSET=utf8 COLLATE=utf8_unicode_ci;

--
-- Déchargement des données de la table `doctrine_migration_versions`
--

INSERT INTO `doctrine_migration_versions` (`version`, `executed_at`, `execution_time`) VALUES
('DoctrineMigrations\\Version20220216090224', '2022-02-16 09:02:53', 195),
('DoctrineMigrations\\Version20220216094827', '2022-02-16 09:48:41', 54),
('DoctrineMigrations\\Version20220218171218', '2022-02-18 17:12:29', 198),
('DoctrineMigrations\\Version20220219105301', '2022-02-19 10:53:16', 221),
('DoctrineMigrations\\Version20220220215719', '2022-02-20 21:57:28', 237),
('DoctrineMigrations\\Version20220222211707', '2022-02-22 21:17:36', 172),
('DoctrineMigrations\\Version20220226160703', '2022-02-26 16:07:11', 356),
('DoctrineMigrations\\Version20220227163839', '2022-02-27 16:38:48', 677),
('DoctrineMigrations\\Version20220227195406', '2022-03-06 19:10:19', 59),
('DoctrineMigrations\\Version20220320164349', '2022-03-20 17:43:57', 34),
('DoctrineMigrations\\Version20220321141846', '2022-03-21 15:18:54', 55),
('DoctrineMigrations\\Version20220329100058', '2022-03-29 12:01:11', 128),
('DoctrineMigrations\\Version20220401085112', '2022-04-01 10:51:23', 128),
('DoctrineMigrations\\Version20220401092032', '2022-04-01 11:20:39', 28);

-- --------------------------------------------------------

--
-- Structure de la table `headers`
--

CREATE TABLE `headers` (
  `id` int(11) NOT NULL,
  `title` varchar(255) NOT NULL,
  `content` longtext NOT NULL,
  `btn_title` varchar(255) NOT NULL,
  `btn_url` varchar(255) NOT NULL,
  `image` varchar(255) NOT NULL
) ENGINE=InnoDB DEFAULT CHARSET=utf8mb4 COLLATE=utf8mb4_unicode_ci;

--
-- Déchargement des données de la table `headers`
--

INSERT INTO `headers` (`id`, `title`, `content`, `btn_title`, `btn_url`, `image`) VALUES
(3, 'Accessoires pour toutes les saisons', 'Laissez vous tenter par nos lunettes, chapeaux aussi bien que nos bonnets ou nos écharpes !', 'Nos articles', '/articles', '2bdbe8484b1ba1c36d19137a2c6b44a314cfdbb8.jpg'),
(4, 'Livraison rapide', 'Profitez de nos services de livraison express, mais aussi de nos retours gratuits ! Essayez, adoptez ou échangez !', 'Je commande', '/articles', '4ba7091fffbc5fa736faa53e65ce7b1d47dd4f8e.jpg'),
(5, 'Chic et élégant', 'Nos derniers articles soldés sur la collection automne', 'Voir', '/articles', 'a92c95e83126727c338110afae40dddb1608e9c4.jpg');

-- --------------------------------------------------------

--
-- Structure de la table `order`
--

CREATE TABLE `order` (
  `id` int(11) NOT NULL,
  `user_id` int(11) NOT NULL,
  `created_at` datetime NOT NULL,
  `carrier_name` varchar(255) NOT NULL,
  `carrier_price` varchar(255) NOT NULL,
  `delivery` longtext NOT NULL,
  `reference` varchar(255) NOT NULL,
  `stripe_session` varchar(255) DEFAULT NULL,
  `state` int(11) NOT NULL
) ENGINE=InnoDB DEFAULT CHARSET=utf8mb4 COLLATE=utf8mb4_unicode_ci;

--
-- Déchargement des données de la table `order`
--

INSERT INTO `order` (`id`, `user_id`, `created_at`, `carrier_name`, `carrier_price`, `delivery`, `reference`, `stripe_session`, `state`) VALUES
(64, 30, '2025-01-19 02:40:51', 'Chronopost', '400', 'achraf khaddrissi<br>0604267209<br>STDM<br>rue attacharouk<br>22000<br>casablanca<br>MA', '20250119024051-678c5823897b1', 'cs_test_b1y6HEqPJzQlUOkQDRRT5KtjsDZLugQYWJNSRtm0YI6hiP29SSlWsUEjxb', 0),
(65, 30, '2025-01-19 02:44:58', 'La Poste', '190', 'achraf khaddrissi<br>0604267209<br>STDM<br>rue attacharouk<br>22000<br>casablanca<br>MA', '20250119024458-678c591ac7198', 'cs_test_b1wIZExamwo4yvT8l66YmHLu1WCjZlH08If01kGQhFuFsaUX45obPQcvbc', 0),
(66, 30, '2025-01-19 12:29:22', 'Chronopost', '400', 'achraf khaddrissi<br>0604267209<br>STDM<br>rue attacharouk<br>22000<br>casablanca<br>MA', '20250119122922-678ce2123bcbb', NULL, 1);

-- --------------------------------------------------------

--
-- Structure de la table `order_details`
--

CREATE TABLE `order_details` (
  `id` int(11) NOT NULL,
  `binded_order_id` int(11) NOT NULL,
  `product` varchar(255) NOT NULL,
  `quantity` int(11) NOT NULL,
  `price` double NOT NULL,
  `total` double NOT NULL
) ENGINE=InnoDB DEFAULT CHARSET=utf8mb4 COLLATE=utf8mb4_unicode_ci;

--
-- Déchargement des données de la table `order_details`
--

INSERT INTO `order_details` (`id`, `binded_order_id`, `product`, `quantity`, `price`, `total`) VALUES
(106, 64, 'Casquette orange', 1, 400, 400),
(107, 65, 'Casquette orange', 1, 400, 400),
(108, 66, 'Casquette orange', 2, 400, 800);

-- --------------------------------------------------------

--
-- Structure de la table `product`
--

CREATE TABLE `product` (
  `id` int(11) NOT NULL,
  `category_id` int(11) NOT NULL,
  `name` varchar(255) NOT NULL,
  `slug` varchar(255) NOT NULL,
  `image` varchar(255) NOT NULL,
  `subtitle` varchar(255) NOT NULL,
  `description` longtext NOT NULL,
  `price` double NOT NULL,
  `is_in_home` tinyint(1) NOT NULL
) ENGINE=InnoDB DEFAULT CHARSET=utf8mb4 COLLATE=utf8mb4_unicode_ci;

--
-- Déchargement des données de la table `product`
--

INSERT INTO `product` (`id`, `category_id`, `name`, `slug`, `image`, `subtitle`, `description`, `price`, `is_in_home`) VALUES
(2, 4, 'Bonnet Rouge Pompom', 'bonnet-rouge-pompom', 'e0b7e89b60de57f1e4451fd9831be26a102081e4.jpg', 'Restez au chaud avec style', 'Lorem ipsum dolor sit amet consectetur adipisicing elit. Maxime mollitia,\r\nmolestiae quas vel sint commodi repudiandae consequuntur voluptatum laborum\r\nnumquam blanditiis harum quisquam eius sed odit fugiat iusto fuga praesentium\r\noptio, eaque rerum! Provident similique accusantium nemo autem. Veritatis\r\nobcaecati tenetur iure eius earum ut molestias architecto voluptate aliquam\r\nnihil, eveniet aliquid culpa officia aut! Impedit sit sunt quaerat, odit,\r\ntenetur error, harum nesciunt ipsum debitis quas aliquid.', 1800, 0),
(3, 4, 'Bonnet Rouge et Bleu Pompom', 'bonnet-rouge-et-bleu-pompom', '8bf330b14aefcec1ab92b7c3f475290fd7940275.jpg', 'Restez au chaud avec style (encore)', 'Lorem ipsum dolor sit amet consectetur adipisicing elit. Maxime mollitia,\r\nmolestiae quas vel sint commodi repudiandae consequuntur voluptatum laborum\r\nnumquam blanditiis harum quisquam eius sed odit fugiat iusto fuga praesentium\r\noptio, eaque rerum! Provident similique accusantium nemo autem. Veritatis\r\nobcaecati tenetur iure eius earum ut molestias architecto voluptate aliquam\r\nnihil, eveniet aliquid culpa officia aut!', 1600, 0),
(4, 3, 'Echarpe Rouge', 'echarpe-rouge', '9ec1111e99942243bf2157e2fbeaa2aec0a485ac.jpg', 'Pour le ski ou la ville', 'Lorem ipsum dolor sit amet consectetur adipisicing elit. Maxime mollitia,\r\nmolestiae quas vel sint commodi repudiandae consequuntur voluptatum laborum\r\nnumquam blanditiis harum quisquam eius sed odit fugiat iusto fuga praesentium\r\noptio, eaque rerum!', 1400, 0),
(5, 2, 'Manteau chaud', 'manteau-chaud', '5cf449463c611b07451480da81fa048f208fc974.jpg', 'Pour les hivers rudes', 'Lorem ipsum dolor sit amet consectetur adipisicing elit. Maxime mollitia,\r\nmolestiae quas vel sint commodi repudiandae consequuntur voluptatum laborum\r\nnumquam blanditiis harum quisquam eius sed odit fugiat iusto fuga praesentium\r\noptio, eaque rerum! Provident similique accusantium nemo autem. Veritatis\r\nobcaecati tenetur iure eius earum ut molestias architecto voluptate aliquam\r\nnihil, eveniet aliquid culpa officia aut! Impedit sit sunt quaerat, odit,\r\ntenetur error, harum nesciunt ipsum debitis quas aliquid.\r\nLorem ipsum dolor sit amet consectetur adipisicing elit.', 5800, 0),
(6, 5, 'T-shirt Blanc', 't-shirt-blanc', 'ee40d9f7990aead7e8695f2eb4599ea1dbb0b1b1.jpg', 'Simple, basique', 'Lorem ipsum dolor sit amet consectetur adipisicing elit. Maxime mollitia,\r\nmolestiae quas vel sint commodi repudiandae consequuntur voluptatum laborum\r\nnumquam blanditiis harum quisquam eius sed odit fugiat iusto fuga praesentium\r\noptio, eaque rerum!', 1800, 0),
(7, 3, 'Echarpe Rayée', 'echarpe-rayee', '2153f235c1175c595860b612a4d2657402184a04.jpg', 'La classe à Annemasse', 'Lorem ipsum dolor sit amet consectetur adipisicing elit. Maxime mollitia,\r\nmolestiae quas vel sint commodi repudiandae consequuntur voluptatum laborum\r\nnumquam blanditiis harum quisquam eius sed odit fugiat iusto fuga praesentium\r\noptio, eaque rerum! Provident similique accusantium nemo autem. Veritatis\r\nobcaecati tenetur iure eius earum ut molestias architecto voluptate aliquam\r\nnihil, eveniet aliquid culpa officia aut! Impedit sit sunt quaerat, odit,\r\ntenetur error, harum nesciunt ipsum debitis quas aliquid.', 1500, 0),
(8, 5, 'T-Shirt Moulant', 't-shirt-moulant', '00a9e824e1a5ba119d9964cc2798fdc3e27b9a84.jpg', 'Pour les bogoss\'', 'Lorem ipsum dolor sit amet consectetur adipisicing elit. Maxime mollitia,\r\nmolestiae quas vel sint commodi repudiandae consequuntur voluptatum laborum\r\nnumquam blanditiis harum quisquam eius sed odit fugiat iusto fuga praesentium\r\noptio, eaque rerum!', 15800, 0),
(9, 7, 'Lunettes new aviator', 'lunettes-new-aviator', '9b63b18c0cde83590b9e36eaaac34092e430712c.jpg', 'Intemporel', 'Lunettes sombres unisexe, printemps, été ou automne.', 2400, 0),
(10, 7, 'Lunettes Wayfarer style', 'lunettes-wayfarer-style', 'dc0f8d0f37e4866c5882c01e0841b7f8b271e49d.jpg', 'Promis ce sont des vraies', 'Souvent imitées, jamais égalées, on a la classe ou ne l\'a pas', 9800, 1),
(11, 9, 'Casquette orange', 'casquette-orange', '242b2cf61210f43c231c6fdec081a554c6757e95.jpg', 'Contre le soleil et le bon gout', 'Superbe casquette orange, il faut aimer le orange.', 400, 1),
(12, 6, 'Chaussures Mike', 'chaussures-mike', '985fc0c43bac9473286fd1f4fabe1d14c21485e7.jpg', 'Mieux que l\'originale', 'Pour faire du skate ou pour rien faire sinon c\'est bien aussi rien faire.', 14900, 1);

-- --------------------------------------------------------

--
-- Structure de la table `user`
--

CREATE TABLE `user` (
  `id` int(11) NOT NULL,
  `email` varchar(180) NOT NULL,
  `roles` longtext CHARACTER SET utf8mb4 COLLATE utf8mb4_bin NOT NULL CHECK (json_valid(`roles`)),
  `password` varchar(255) NOT NULL,
  `firstname` varchar(255) NOT NULL,
  `lastname` varchar(255) NOT NULL
) ENGINE=InnoDB DEFAULT CHARSET=utf8mb4 COLLATE=utf8mb4_unicode_ci;

--
-- Déchargement des données de la table `user`
--

INSERT INTO `user` (`id`, `email`, `roles`, `password`, `firstname`, `lastname`) VALUES
(18, 'Admin1@admin.com', '[\"ROLE_ADMIN\"]', '$2y$13$wYLcnJFpvggTw77hbNvveOEvqZuIpxup0lG4dwPgfz/4H8SXkUSKK', 'hakim', 'andalouci'),
(30, 'achrafkhadrissi@gmail.com', '[]', '$2y$13$6ASaB5KqU0V5D/33whRmluTX/m3lS3XBSu8p3KqqZWDEOWhJm/UfG', 'achraf', 'Elkhadrissi');

--
-- Index pour les tables déchargées
--

--
-- Index pour la table `address`
--
ALTER TABLE `address`
  ADD PRIMARY KEY (`id`),
  ADD KEY `IDX_D4E6F81A76ED395` (`user_id`);

--
-- Index pour la table `carrier`
--
ALTER TABLE `carrier`
  ADD PRIMARY KEY (`id`);

--
-- Index pour la table `category`
--
ALTER TABLE `category`
  ADD PRIMARY KEY (`id`);

--
-- Index pour la table `doctrine_migration_versions`
--
ALTER TABLE `doctrine_migration_versions`
  ADD PRIMARY KEY (`version`);

--
-- Index pour la table `headers`
--
ALTER TABLE `headers`
  ADD PRIMARY KEY (`id`);

--
-- Index pour la table `order`
--
ALTER TABLE `order`
  ADD PRIMARY KEY (`id`),
  ADD KEY `IDX_F5299398A76ED395` (`user_id`);

--
-- Index pour la table `order_details`
--
ALTER TABLE `order_details`
  ADD PRIMARY KEY (`id`),
  ADD KEY `IDX_845CA2C17C78A4E3` (`binded_order_id`);

--
-- Index pour la table `product`
--
ALTER TABLE `product`
  ADD PRIMARY KEY (`id`),
  ADD KEY `IDX_D34A04AD12469DE2` (`category_id`);

--
-- Index pour la table `user`
--
ALTER TABLE `user`
  ADD PRIMARY KEY (`id`),
  ADD UNIQUE KEY `UNIQ_8D93D649E7927C74` (`email`);

--
-- AUTO_INCREMENT pour les tables déchargées
--

--
-- AUTO_INCREMENT pour la table `address`
--
ALTER TABLE `address`
  MODIFY `id` int(11) NOT NULL AUTO_INCREMENT, AUTO_INCREMENT=8;

--
-- AUTO_INCREMENT pour la table `carrier`
--
ALTER TABLE `carrier`
  MODIFY `id` int(11) NOT NULL AUTO_INCREMENT, AUTO_INCREMENT=4;

--
-- AUTO_INCREMENT pour la table `category`
--
ALTER TABLE `category`
  MODIFY `id` int(11) NOT NULL AUTO_INCREMENT, AUTO_INCREMENT=10;

--
-- AUTO_INCREMENT pour la table `headers`
--
ALTER TABLE `headers`
  MODIFY `id` int(11) NOT NULL AUTO_INCREMENT, AUTO_INCREMENT=6;

--
-- AUTO_INCREMENT pour la table `order`
--
ALTER TABLE `order`
  MODIFY `id` int(11) NOT NULL AUTO_INCREMENT, AUTO_INCREMENT=68;

--
-- AUTO_INCREMENT pour la table `order_details`
--
ALTER TABLE `order_details`
  MODIFY `id` int(11) NOT NULL AUTO_INCREMENT, AUTO_INCREMENT=110;

--
-- AUTO_INCREMENT pour la table `product`
--
ALTER TABLE `product`
  MODIFY `id` int(11) NOT NULL AUTO_INCREMENT, AUTO_INCREMENT=13;

--
-- AUTO_INCREMENT pour la table `user`
--
ALTER TABLE `user`
  MODIFY `id` int(11) NOT NULL AUTO_INCREMENT, AUTO_INCREMENT=31;

--
-- Contraintes pour les tables déchargées
--

--
-- Contraintes pour la table `address`
--
ALTER TABLE `address`
  ADD CONSTRAINT `FK_D4E6F81A76ED395` FOREIGN KEY (`user_id`) REFERENCES `user` (`id`);

--
-- Contraintes pour la table `order`
--
ALTER TABLE `order`
  ADD CONSTRAINT `FK_F5299398A76ED395` FOREIGN KEY (`user_id`) REFERENCES `user` (`id`);

--
-- Contraintes pour la table `order_details`
--
ALTER TABLE `order_details`
  ADD CONSTRAINT `FK_845CA2C17C78A4E3` FOREIGN KEY (`binded_order_id`) REFERENCES `order` (`id`);

--
-- Contraintes pour la table `product`
--
ALTER TABLE `product`
  ADD CONSTRAINT `FK_D34A04AD12469DE2` FOREIGN KEY (`category_id`) REFERENCES `category` (`id`);
COMMIT;

/*!40101 SET CHARACTER_SET_CLIENT=@OLD_CHARACTER_SET_CLIENT */;
/*!40101 SET CHARACTER_SET_RESULTS=@OLD_CHARACTER_SET_RESULTS */;
/*!40101 SET COLLATION_CONNECTION=@OLD_COLLATION_CONNECTION */;
